{"strategy":{"BreakoutBTCStrategy":{"trades":[{"pair":"BTC/USDT","stake_amount":99.0027192,"max_stake_amount":99.0027192,"amount":0.00084,"open_date":"2025-07-11 06:00:00+00:00","close_date":"2025-08-01 00:50:00+00:00","open_rate":117860.38,"close_rate":114324.5686,"fee_open":0.001,"fee_close":0.001,"trade_duration":29930,"profit_ratio":-0.03193806190956596,"profit_abs":-3.16511693,"exit_reason":"stop_loss","initial_stop_loss_abs":114324.5686,"initial_stop_loss_ratio":-0.03,"stop_loss_abs":114324.5686,"stop_loss_ratio":-0.03,"min_rate":114313.13,"max_rate":123218.0,"is_open":false,"enter_tag":"","leverage":1.0,"is_short":false,"open_timestamp":1752213600000,"close_timestamp":1754009400000,"orders":[{"amount":0.00084,"safe_price":117860.38,"ft_order_side":"buy","order_filled_timestamp":1752213600000,"ft_is_entry":true,"ft_order_tag":"","cost":99.10172191919999},{"amount":0.00084,"safe_price":114324.5686,"ft_order_side":"sell","order_filled_timestamp":1754009400000,"ft_is_entry":false,"ft_order_tag":"stop_loss","cost":96.128670261624}],"funding_fees":0.0},{"pair":"BTC/USDT","stake_amount":99.883432,"max_stake_amount":99.883432,"amount":0.00085,"open_date":"2025-08-07 22:50:00+00:00","close_date":"2025-08-13 22:45:00+00:00","open_rate":117509.92,"close_rate":123626.55247247245,"fee_open":0.001,"fee_close":0.001,"trade_duration":8635,"profit_ratio":0.049950049950049945,"profit_abs":4.9941716,"exit_reason":"roi","initial_stop_loss_abs":113984.6224,"initial_stop_loss_ratio":-0.03,"stop_loss_abs":113984.6224,"stop_loss_ratio":-0.03,"min_rate":115878.71,"max_rate":123637.68,"is_open":false,"enter_tag":"","leverage":1.0,"is_short":false,"open_timestamp":1754607000000,"close_timestamp":1755125100000,"orders":[{"amount":0.00085,"safe_price":117509.92,"ft_order_side":"buy","order_filled_timestamp":1754607000000,"ft_is_entry":true,"ft_order_tag":"","cost":99.98331543199998},{"amount":0.00085,"safe_price":123626.55247247245,"ft_order_side":"sell","order_filled_timestamp":1755125100000,"ft_is_entry":false,"ft_order_tag":"roi","cost":105.18765217120317}],"funding_fees":0.0},{"pair":"BTC/USDT","stake_amount":98.835624,"max_stake_amount":98.835624,"amount":0.0008,"open_date":"2025-08-13 22:50:00+00:00","close_date":"2025-08-14 12:30:00+00:00","open_rate":123544.53,"close_rate":119838.1941,"fee_open":0.001,"fee_close":0.001,"trade_duration":820,"profit_ratio":-0.031938061945339484,"profit_abs":-3.1597749,"exit_reason":"stop_loss","initial_stop_loss_abs":119838.1941,"initial_stop_loss_ratio":-0.03,"stop_loss_abs":119838.1941,"stop_loss_ratio":-0.03,"min_rate":118500.0,"max_rate":124474.0,"is_open":false,"enter_tag":"","leverage":1.0,"is_short":false,"open_timestamp":1755125400000,"close_timestamp":1755174600000,"orders":[{"amount":0.0008,"safe_price":123544.53,"ft_order_side":"buy","order_filled_timestamp":1755125400000,"ft_is_entry":true,"ft_order_tag":"","cost":98.934459624},{"amount":0.0008,"safe_price":119838.1941,"ft_order_side":"sell","order_filled_timestamp":1755174600000,"ft_is_entry":false,"ft_order_tag":"stop_loss","cost":95.96642583527999}],"funding_fees":0.0},{"pair":"BTC/USDT","stake_amount":99.7506552,"max_stake_amount":99.7506552,"amount":0.00084,"open_date":"2025-08-14 13:55:00+00:00","close_date":"2025-08-18 03:30:00+00:00","open_rate":118750.78,"close_rate":115188.2566,"fee_open":0.001,"fee_close":0.001,"trade_duration":5135,"profit_ratio":-0.03193806197067072,"profit_abs":-3.18902845,"exit_reason":"stop_loss","initial_stop_loss_abs":115188.2566,"initial_stop_loss_ratio":-0.03,"stop_loss_abs":115188.2566,"stop_loss_ratio":-0.03,"min_rate":115161.01,"max_rate":119361.45,"is_open":false,"enter_tag":"","leverage":1.0,"is_short":false,"open_timestamp":1755179700000,"close_timestamp":1755487800000,"orders":[{"amount":0.00084,"safe_price":118750.78,"ft_order_side":"buy","order_filled_timestamp":1755179700000,"ft_is_entry":true,"ft_order_tag":"","cost":99.85040585519998},{"amount":0.00084,"safe_price":115188.2566,"ft_order_side":"sell","order_filled_timestamp":1755487800000,"ft_is_entry":false,"ft_order_tag":"stop_loss","cost":96.85489367954399}],"funding_fees":0.0}],"locks":[],"best_pair":{"key":"BTC/USDT","trades":4,"profit_mean":-0.011466033968881555,"profit_mean_pct":-1.15,"profit_total_abs":-4.51974868,"profit_total":-0.00451974868,"profit_total_pct":-0.45,"duration_avg":"7 days, 17:30:00","wins":1,"draws":0,"losses":3,"winrate":0.25,"cagr":-0.018203910949406432,"expectancy":-1.1299371700000003,"expectancy_ratio":-0.3563001801818757,"sortino":-75.43077962775408,"sharpe":-0.2713525040193897,"calmar":-15.139793682986783,"sqn":-0.5535,"profit_factor":0.5249330930908325,"max_drawdown_account":0.006337212242353368,"max_drawdown_abs":6.34880335},"worst_pair":{"key":"BTC/USDT","trades":4,"profit_mean":-0.011466033968881555,"profit_mean_pct":-1.15,"profit_total_abs":-4.51974868,"profit_total":-0.00451974868,"profit_total_pct":-0.45,"duration_avg":"7 days, 17:30:00","wins":1,"draws":0,"losses":3,"winrate":0.25,"cagr":-0.018203910949406432,"expectancy":-1.1299371700000003,"expectancy_ratio":-0.3563001801818757,"sortino":-75.43077962775408,"sharpe":-0.2713525040193897,"calmar":-15.139793682986783,"sqn":-0.5535,"profit_factor":0.5249330930908325,"max_drawdown_account":0.006337212242353368,"max_drawdown_abs":6.34880335},"results_per_pair":[{"key":"BTC/USDT","trades":4,"profit_mean":-0.011466033968881555,"profit_mean_pct":-1.15,"profit_total_abs":-4.51974868,"profit_total":-0.00451974868,"profit_total_pct":-0.45,"duration_avg":"7 days, 17:30:00","wins":1,"draws":0,"losses":3,"winrate":0.25,"cagr":-0.018203910949406432,"expectancy":-1.1299371700000003,"expectancy_ratio":-0.3563001801818757,"sortino":-75.43077962775408,"sharpe":-0.2713525040193897,"calmar":-15.139793682986783,"sqn":-0.5535,"profit_factor":0.5249330930908325,"max_drawdown_account":0.006337212242353368,"max_drawdown_abs":6.34880335},{"key":"TOTAL","trades":4,"profit_mean":-0.011466033968881555,"profit_mean_pct":-1.15,"profit_total_abs":-4.51974868,"profit_total":-0.00451974868,"profit_total_pct":-0.45,"duration_avg":"7 days, 17:30:00","wins":1,"draws":0,"losses":3,"winrate":0.25,"cagr":-0.018203910949406432,"expectancy":-1.1299371700000003,"expectancy_ratio":-0.3563001801818757,"sortino":-75.43077962775408,"sharpe":-0.2713525040193897,"calmar":-15.139793682986783,"sqn":-0.5535,"profit_factor":0.5249330930908325,"max_drawdown_account":0.006337212242353368,"max_drawdown_abs":6.34880335}],"results_per_enter_tag":[{"key":"","trades":4,"profit_mean":-0.011466033968881555,"profit_mean_pct":-1.15,"profit_total_abs":-4.51974868,"profit_total":-0.00451974868,"profit_total_pct":-0.45,"duration_avg":"7 days, 17:30:00","wins":1,"draws":0,"losses":3,"winrate":0.25,"cagr":-0.018203910949406432,"expectancy":-1.1299371700000003,"expectancy_ratio":-0.3563001801818757,"sortino":-75.43077962775408,"sharpe":-0.2713525040193897,"calmar":-15.139793682986783,"sqn":-0.5535,"profit_factor":0.5249330930908325,"max_drawdown_account":0.006337212242353368,"max_drawdown_abs":6.34880335},{"key":"TOTAL","trades":4,"profit_mean":-0.011466033968881555,"profit_mean_pct":-1.15,"profit_total_abs":-4.51974868,"profit_total":-0.00451974868,"profit_total_pct":-0.45,"duration_avg":"7 days, 17:30:00","wins":1,"draws":0,"losses":3,"winrate":0.25,"cagr":-0.018203910949406432,"expectancy":-1.1299371700000003,"expectancy_ratio":-0.3563001801818757,"sortino":-75.43077962775408,"sharpe":-0.2713525040193897,"calmar":-15.139793682986783,"sqn":-0.5535,"profit_factor":0.5249330930908325,"max_drawdown_account":0.006337212242353368,"max_drawdown_abs":6.34880335}],"exit_reason_summary":[{"key":"roi","trades":1,"profit_mean":0.049950049950049945,"profit_mean_pct":5.0,"profit_total_abs":4.9941716,"profit_total":0.0049941716,"profit_total_pct":0.5,"duration_avg":"5 days, 23:55:00","wins":1,"draws":0,"losses":0,"winrate":1.0,"cagr":0.02040920867088558,"expectancy":4.9941716,"expectancy_ratio":100.0,"sortino":-100,"sharpe":-100,"calmar":-100,"sqn":-100.0,"profit_factor":0.0,"max_drawdown_account":0.0,"max_drawdown_abs":0.0},{"key":"stop_loss","trades":3,"profit_mean":-0.03193806194185872,"profit_mean_pct":-3.19,"profit_total_abs":-9.51392028,"profit_total":-0.009513920280000001,"profit_total_pct":-0.95,"duration_avg":"8 days, 7:22:00","wins":0,"draws":0,"losses":3,"winrate":0.0,"cagr":-0.038027051157741965,"expectancy":-3.1713067600000002,"expectancy_ratio":-1.0,"sortino":-158.7792762045124,"sharpe":-158.7792762045124,"calmar":-21.22774797171427,"sqn":-352.6011,"profit_factor":0.0,"max_drawdown_account":0.00951392027999998,"max_drawdown_abs":9.51392028},{"key":"TOTAL","trades":4,"profit_mean":-0.011466033968881555,"profit_mean_pct":-1.15,"profit_total_abs":-4.51974868,"profit_total":-0.00451974868,"profit_total_pct":-0.45,"duration_avg":"7 days, 17:30:00","wins":1,"draws":0,"losses":3,"winrate":0.25,"cagr":-0.018203910949406432,"expectancy":-1.1299371700000003,"expectancy_ratio":-0.3563001801818757,"sortino":-75.43077962775408,"sharpe":-0.2713525040193897,"calmar":-15.139793682986783,"sqn":-0.5535,"profit_factor":0.5249330930908325,"max_drawdown_account":0.006337212242353368,"max_drawdown_abs":6.34880335}],"mix_tag_stats":[{"key":["","roi"],"trades":1,"profit_mean":0.049950049950049945,"profit_mean_pct":5.0,"profit_total_abs":4.9941716,"profit_total":0.0049941716,"profit_total_pct":0.5,"duration_avg":"5 days, 23:55:00","wins":1,"draws":0,"losses":0,"winrate":1.0,"cagr":0.02040920867088558,"expectancy":4.9941716,"expectancy_ratio":100.0,"sortino":-100,"sharpe":-100,"calmar":-100,"sqn":-100.0,"profit_factor":0.0,"max_drawdown_account":0.0,"max_drawdown_abs":0.0},{"key":["","stop_loss"],"trades":3,"profit_mean":-0.03193806194185872,"profit_mean_pct":-3.19,"profit_total_abs":-9.51392028,"profit_total":-0.009513920280000001,"profit_total_pct":-0.95,"duration_avg":"8 days, 7:22:00","wins":0,"draws":0,"losses":3,"winrate":0.0,"cagr":-0.038027051157741965,"expectancy":-3.1713067600000002,"expectancy_ratio":-1.0,"sortino":-158.7792762045124,"sharpe":-158.7792762045124,"calmar":-21.22774797171427,"sqn":-352.6011,"profit_factor":0.0,"max_drawdown_account":0.00951392027999998,"max_drawdown_abs":9.51392028},{"key":"TOTAL","trades":4,"profit_mean":-0.011466033968881555,"profit_mean_pct":-1.15,"profit_total_abs":-4.51974868,"profit_total":-0.00451974868,"profit_total_pct":-0.45,"duration_avg":"7 days, 17:30:00","wins":1,"draws":0,"losses":3,"winrate":0.25,"cagr":-0.018203910949406432,"expectancy":-1.1299371700000003,"expectancy_ratio":-0.3563001801818757,"sortino":-75.43077962775408,"sharpe":-0.2713525040193897,"calmar":-15.139793682986783,"sqn":-0.5535,"profit_factor":0.5249330930908325,"max_drawdown_account":0.006337212242353368,"max_drawdown_abs":6.34880335}],"left_open_trades":[{"key":"TOTAL","trades":0,"profit_mean":0.0,"profit_mean_pct":0.0,"profit_total_abs":0.0,"profit_total":0.0,"profit_total_pct":0.0,"duration_avg":"0:00","wins":0,"draws":0,"losses":0,"winrate":0.0,"cagr":0.0,"expectancy":0.0,"expectancy_ratio":100.0,"sortino":0,"sharpe":0,"calmar":0,"sqn":0.0,"profit_factor":0.0,"max_drawdown_account":0.0,"max_drawdown_abs":0.0}],"total_trades":4,"trade_count_long":4,"trade_count_short":0,"total_volume":792.0075447780512,"avg_stake_amount":99.3681076,"profit_mean":-0.011466033968881555,"profit_median":-0.03193806192745272,"profit_total":-0.00451974868,"profit_total_long":-0.00451974868,"profit_total_short":0.0,"profit_total_abs":-4.51974868,"profit_total_long_abs":-4.51974868,"profit_total_short_abs":0.0,"cagr":-0.018203910949406432,"expectancy":-1.1299371700000003,"expectancy_ratio":-0.3563001801818757,"sortino":-75.43077962775408,"sharpe":-0.2713525040193897,"calmar":-15.139793682986783,"sqn":-0.5535,"profit_factor":0.5249330930908325,"backtest_start":"2025-06-19 00:00:00","backtest_start_ts":1750291200000,"backtest_end":"2025-09-17 11:15:00","backtest_end_ts":1758107700000,"backtest_days":90,"backtest_run_start_ts":1758108044,"backtest_run_end_ts":1758108045,"trades_per_day":0.04,"market_change":0.10907867336655808,"pairlist":["BTC/USDT"],"stake_amount":100,"stake_currency":"USDT","stake_currency_decimals":3,"starting_balance":1000,"dry_run_wallet":1000,"final_balance":995.48025132,"rejected_signals":0,"timedout_entry_orders":0,"timedout_exit_orders":0,"canceled_trade_entries":0,"canceled_entry_orders":0,"replaced_entry_orders":0,"max_open_trades":1,"max_open_trades_setting":3,"timeframe":"5m","timeframe_detail":"","timerange":"","enable_protections":false,"strategy_name":"BreakoutBTCStrategy","freqaimodel":null,"freqai_identifier":null,"stoploss":-0.03,"trailing_stop":false,"trailing_stop_positive":null,"trailing_stop_positive_offset":0.0,"trailing_only_offset_is_reached":false,"use_custom_stoploss":false,"minimal_roi":{"0":0.05},"use_exit_signal":true,"exit_profit_only":false,"exit_profit_offset":0.0,"ignore_roi_if_entry_signal":false,"trading_mode":"spot","margin_mode":"","periodic_breakdown":{"day":[{"date":"01/08/2025","date_ts":1754006400000,"profit_abs":-3.16511693,"wins":0,"draws":0,"losses":1,"trades":1,"profit_factor":0.0},{"date":"02/08/2025","date_ts":1754092800000,"profit_abs":0.0,"wins":0,"draws":0,"losses":0,"trades":0,"profit_factor":0.0},{"date":"03/08/2025","date_ts":1754179200000,"profit_abs":0.0,"wins":0,"draws":0,"losses":0,"trades":0,"profit_factor":0.0},{"date":"04/08/2025","date_ts":1754265600000,"profit_abs":0.0,"wins":0,"draws":0,"losses":0,"trades":0,"profit_factor":0.0},{"date":"05/08/2025","date_ts":1754352000000,"profit_abs":0.0,"wins":0,"draws":0,"losses":0,"trades":0,"profit_factor":0.0},{"date":"06/08/2025","date_ts":1754438400000,"profit_abs":0.0,"wins":0,"draws":0,"losses":0,"trades":0,"profit_factor":0.0},{"date":"07/08/2025","date_ts":1754524800000,"profit_abs":0.0,"wins":0,"draws":0,"losses":0,"trades":0,"profit_factor":0.0},{"date":"08/08/2025","date_ts":1754611200000,"profit_abs":0.0,"wins":0,"draws":0,"losses":0,"trades":0,"profit_factor":0.0},{"date":"09/08/2025","date_ts":1754697600000,"profit_abs":0.0,"wins":0,"draws":0,"losses":0,"trades":0,"profit_factor":0.0},{"date":"10/08/2025","date_ts":1754784000000,"profit_abs":0.0,"wins":0,"draws":0,"losses":0,"trades":0,"profit_factor":0.0},{"date":"11/08/2025","date_ts":1754870400000,"profit_abs":0.0,"wins":0,"draws":0,"losses":0,"trades":0,"profit_factor":0.0},{"date":"12/08/2025","date_ts":1754956800000,"profit_abs":0.0,"wins":0,"draws":0,"losses":0,"trades":0,"profit_factor":0.0},{"date":"13/08/2025","date_ts":1755043200000,"profit_abs":4.9941716,"wins":1,"draws":0,"losses":0,"trades":1,"profit_factor":0.0},{"date":"14/08/2025","date_ts":1755129600000,"profit_abs":-3.1597749,"wins":0,"draws":0,"losses":1,"trades":1,"profit_factor":0.0},{"date":"15/08/2025","date_ts":1755216000000,"profit_abs":0.0,"wins":0,"draws":0,"losses":0,"trades":0,"profit_factor":0.0},{"date":"16/08/2025","date_ts":1755302400000,"profit_abs":0.0,"wins":0,"draws":0,"losses":0,"trades":0,"profit_factor":0.0},{"date":"17/08/2025","date_ts":1755388800000,"profit_abs":0.0,"wins":0,"draws":0,"losses":0,"trades":0,"profit_factor":0.0},{"date":"18/08/2025","date_ts":1755475200000,"profit_abs":-3.18902845,"wins":0,"draws":0,"losses":1,"trades":1,"profit_factor":0.0}],"week":[{"date":"04/08/2025","date_ts":1754265600000,"profit_abs":-3.16511693,"wins":0,"draws":0,"losses":1,"trades":1,"profit_factor":0.0},{"date":"11/08/2025","date_ts":1754870400000,"profit_abs":0.0,"wins":0,"draws":0,"losses":0,"trades":0,"profit_factor":0.0},{"date":"18/08/2025","date_ts":1755475200000,"profit_abs":-1.35463175,"wins":1,"draws":0,"losses":2,"trades":3,"profit_factor":0.78663196}],"month":[{"date":"31/08/2025","date_ts":1756598400000,"profit_abs":-4.51974868,"wins":1,"draws":0,"losses":3,"trades":4,"profit_factor":0.52493309}],"year":[{"date":"31/12/2025","date_ts":1767139200000,"profit_abs":-4.51974868,"wins":1,"draws":0,"losses":3,"trades":4,"profit_factor":0.52493309}]},"backtest_best_day":0.049950049950049945,"backtest_worst_day":-0.03193806197067072,"backtest_best_day_abs":4.9941716,"backtest_worst_day_abs":-3.18902845,"winning_days":1,"draw_days":14,"losing_days":3,"daily_profit":[["2025-08-01",-3.16511693],["2025-08-02",0.0],["2025-08-03",0.0],["2025-08-04",0.0],["2025-08-05",0.0],["2025-08-06",0.0],["2025-08-07",0.0],["2025-08-08",0.0],["2025-08-09",0.0],["2025-08-10",0.0],["2025-08-11",0.0],["2025-08-12",0.0],["2025-08-13",4.9941716],["2025-08-14",-3.1597749],["2025-08-15",0.0],["2025-08-16",0.0],["2025-08-17",0.0],["2025-08-18",-3.18902845]],"wins":1,"losses":3,"draws":0,"winrate":0.25,"holding_avg":"7 days, 17:30:00","holding_avg_s":667800.0,"winner_holding_min":"5d 23:55","winner_holding_min_s":518100.0,"winner_holding_max":"5d 23:55","winner_holding_max_s":518100.0,"winner_holding_avg":"5d 23:55","winner_holding_avg_s":518100.0,"loser_holding_min":"0d 13:40","loser_holding_min_s":49200.0,"loser_holding_max":"20d 18:50","loser_holding_max_s":1795800.0,"loser_holding_avg":"8d 07:22","loser_holding_avg_s":717720.0,"max_consecutive_wins":1,"max_consecutive_losses":2,"max_drawdown_account":0.006337212242353368,"max_relative_drawdown":0.006337212242353368,"max_drawdown_abs":6.34880335,"drawdown_start":"2025-08-13 22:45:00","drawdown_start_ts":1755125100000.0,"drawdown_end":"2025-08-18 03:30:00","drawdown_end_ts":1755487800000.0,"drawdown_duration":"4 days 04:45:00","drawdown_duration_s":362700.0,"max_drawdown_low":-4.51974868,"max_drawdown_high":1.8290546699999997,"csum_min":995.48025132,"csum_max":1001.82905467}},"strategy_comparison":[{"key":"BreakoutBTCStrategy","trades":4,"profit_mean":-0.011466033968881555,"profit_mean_pct":-1.15,"profit_total_abs":-4.51974868,"profit_total":-0.00451974868,"profit_total_pct":-0.45,"duration_avg":"7 days, 17:30:00","wins":1,"draws":0,"losses":3,"winrate":0.25,"cagr":-0.018203910949406432,"expectancy":-1.1299371700000003,"expectancy_ratio":-0.3563001801818757,"sortino":-75.43077962775408,"sharpe":-0.2713525040193897,"calmar":-15.139793682986783,"sqn":-0.5535,"profit_factor":0.5249330930908325,"max_drawdown_account":0.006337212242353368,"max_drawdown_abs":"6.349"}]}